﻿{"name":"My Theme","dataColors":["#006BA4","#FF800E","#ABABAB","#595959","#5F9ED1","#C85200","#898989","#A2C8EC","#3599B8","#DFBFBF","#4AC5BB","#5F6B6D","#FB8281","#F4D25A","#7F898A","#A4DDEE","#FDAB89","#B687AC","#28738A","#A78F8F","#168980","#293537","#BB4A4A","#B59525","#475052","#6A9FB0","#BD7150","#7B4F71","#1B4D5C","#706060","#0F5C55","#1C2325"],"visualStyles":{"page":{"*":{"background":[{"color":{"solid":{"color":"#E2E5E5"}},"image":{"name":"background","scaling":"Fit","url":"<Base64 Encode>"},"transparency":0}]}},"shape":{"*":{"border":[{"show":true,"color":{"solid":{"color":"#ffffff"}},"radius":8}],"background":[{"show":true,"color":{"solid":{"color":"#ffffff"}},"transparency":0}]}},"slicer":{"*":{"border":[{"show":false,"radius":8}]}}},"foreground":"#4584D3","tableAccent":"#31B6FD","bad":"#AB1A1A","neutral":"#E5AC12","good":"#178E0B","minimum":"#FD625E","center":"#F5D33F","maximum":"#01B8AA","textClasses":{"callout":{"fontFace":"'Segoe UI Semibold', wf_segoe-ui_semibold, helvetica, arial, sans-serif"},"title":{"fontFace":"'Segoe UI Semibold', wf_segoe-ui_semibold, helvetica, arial, sans-serif"}}}